id,appId,output,lastUpdateTime,C6,C5,C7
89,7,10_POST,2022:12:22-10:22:01,NULL,NULL,NULL
129,6,4_POST_COMMENT,2022:12:23-10:09:57,NULL,NULL,NULL
144,6,4_POST,2026:07:03-15:09:55,NULL,NULL,NULL
87,6,4_USER,2022:12:22-10:13:56,NULL,NULL,NULL
90,8,7_POST,2022:12:22-10:23:04
91,8,7_POST_COMMENT,2022:12:22-10:23:22
92,8,7_USER,2022:12:22-10:23:36
135,8,78_POST,2023:09:14-21:19:33
10,9,2_POST,2022:12:21-17:10:53
11,9,2_POST_COMMENT,2022:12:21-17:10:53
13,9,3_POST_COMMENT,2022:12:21-17:10:55
93,9,1_POST,2022:12:22-10:25:14
94,9,1_POST_COMMENT,2022:12:22-10:25:36
130,9,3_POST,2022:12:23-10:32:53
16,10,8_USER,2022:12:21-17:10:59
95,10,8_POST,2022:12:22-10:27:55
96,10,8_POST_COMMENT,2022:12:22-10:28:21
18,11,5_POST_COMMENT,2022:12:21-17:11:03
97,11,5_POST,2022:12:22-10:28:46
98,11,5_USER,2022:12:22-10:29:00
99,12,6_POST,2022:12:22-10:29:23
100,12,6_POST_COMMENT,2022:12:22-10:29:36
101,12,6_USER,2022:12:22-10:30:13
102,13,11_POST,2022:12:22-10:30:59
105,13,11_USER,2022:12:22-10:31:59
106,13,11_POST_COMMENT,2022:12:22-10:32:18
29,14,9_USER,2022:12:21-17:11:18
33,14,56_POST_COMMENT-0,2022:12:21-17:11:22
107,14,9_POST,2022:12:22-10:32:39
108,14,9_POST_COMMENT-0,2022:12:22-10:32:51
109,14,9_POST_COMMENT-1,2022:12:22-10:33:05
110,14,32_COMMENT,2022:12:22-10:33:24
111,14,32_USER,2022:12:22-10:34:08
112,14,56_POST,2022:12:22-10:34:33
37,15,51_POST,2022:12:21-17:11:27
125,15,39_POST_COMMENT,2022:12:22-10:54:09
126,15,39_POST,2022:12:22-10:54:39
127,15,12_POST,2022:12:22-10:55:07
41,16,55_POST,2022:12:21-17:11:32
122,16,41_POST,2022:12:22-10:52:38
123,16,41_POST_COMMENT,2022:12:22-10:53:13
124,16,13_POST,2022:12:22-10:53:33
43,17,40_POST,2022:12:21-17:11:35
44,17,40_POST_COMMENT,2022:12:21-17:11:36
45,17,52_POST,2022:12:21-17:11:37
121,17,14_POST,2022:12:22-10:51:41
48,18,42_POST_COMMENT,2022:12:21-17:11:42
49,18,53_POST,2022:12:21-17:11:43
116,18,15_POST,2022:12:22-10:47:34
117,18,42_POST,2022:12:22-10:47:50
139,18,53_POST_COMMENT,2026:04:21-11:17:21
50,30,21_POST,2022:12:21-17:11:45
51,31,22_POST,2022:12:21-17:11:46
52,31,22_COMMENT,2022:12:21-17:11:47
53,32,23_POST,2022:12:21-17:11:49
54,32,23_COMMENT,2022:12:21-17:11:50
56,33,24_COMMENT,2022:12:21-17:11:53
138,33,24_POST,2024:11:27-14:36:04
57,34,25_POST,2022:12:21-17:11:55
58,34,25_COMMENT,2022:12:21-17:11:56
59,36,26_POST,2022:12:21-17:11:59
60,36,26_COMMENT,2022:12:21-17:12:00
64,44,30_COMMENT,2022:12:21-17:12:07
136,44,30_SHOP_INFO,2023:11:14-15:58:20
65,45,31_COMMENT,2022:12:21-17:12:09
66,45,31_USER,2022:12:21-17:12:11
67,53,38_POST,2022:12:21-17:12:13
68,53,43_POST,2022:12:21-17:12:14
69,53,43_POST_COMMENT,2022:12:21-17:12:15
70,53,54_POST,2022:12:21-17:12:16
71,54,33_POST,2022:12:21-17:12:18
72,54,33_POST_COMMENT,2022:12:21-17:12:19
73,55,36_POST,2022:12:21-17:12:20
74,55,36_POST_COMMENT,2022:12:21-17:12:20
75,56,35_POST,2022:12:21-17:12:21
76,56,35_POST_COMMENT,2022:12:21-17:12:22
77,57,34_POST,2022:12:21-17:12:24
78,57,34_POST_COMMENT,2022:12:21-17:12:25
79,58,37_POST,2022:12:21-17:12:26
80,58,37_POST_COMMENT,2022:12:21-17:12:27
81,69,44_POST,2022:12:21-17:12:31
82,69,44_POST_COMMENT,2022:12:21-17:12:32
83,70,50_POST,2022:12:21-17:12:34
84,70,50_POST_COMMENT,2022:12:21-17:12:35
137,70,50_USER,2024:10:15-10:23:36
140,70,50_COMMENT,2026:06:08-16:28:44
